Member_ID,Name,Email,Phone_No,Address
501,Aarav Sharma,aarav.sharma@email.com,9876543210,123 MG Road Mumbai Maharashtra
502,Ishita Verma,ishita.verma@email.com,9823456789,56 Park Street Kolkata West Bengal
503,Rohan Iyer,rohan.iyer@email.com,9890123456,78 Anna Nagar Chennai Tamil Nadu
504,Neha Kapoor,neha.kapoor@email.com,9765432109,34 Sector 62 Noida Uttar Pradesh
505,Kabir Mehta,kabir.mehta@email.com,9811122233,12 Rajpath New Delhi Delhi
506,Ananya Reddy,ananya.reddy@email.com,9845032167,98 Jubilee Hills Hyderabad Telangana
507,Arjun Patel,arjun.patel@email.com,9887654321,45 CG Road Ahmedabad Gujarat
508,Simran Kaur,simran.kaur@email.com,9798765432,67 Civil Lines Ludhiana Punjab
509,Manoj Nair,manoj.nair@email.com,9754321890,23 MG Road Bangalore Karnataka
510,Divya Menon,divya.menon@email.com,9867543212,89 Marine Drive Kochi Kerala
511,Vikram Joshi,vikram.joshi@email.com,9827654390,56 Hinjewadi Pune Maharashtra
512,Pooja Deshmukh,pooja.deshmukh@email.com,9812345678,90 FC Road Pune Maharashtra
513,Sachin Choudhary,sachin.choudhary@email.com,9786543219,11 MI Road Jaipur Rajasthan
514,Megha Tiwari,megha.tiwari@email.com,9908765432,34 MP Nagar Bhopal Madhya Pradesh
515,Alok Singh,alok.singh@email.com,9854123789,78 Hazratganj Lucknow Uttar Pradesh
516,Rahul Das,rahul.das@email.com,9932109876,22 Salt Lake Kolkata West Bengal
517,Kritika Rao,kritika.rao@email.com,9842317650,55 Basavanagudi Bangalore Karnataka
518,Devendra Tripathi,devendra.tripathi@email.com,9900456123,30 Gomti Nagar Lucknow Uttar Pradesh
519,Ridhi Malhotra,ridhi.malhotra@email.com,9807621435,72 Patel Nagar New Delhi Delhi
520,Siddharth Bose,siddharth.bose@email.com,9876253412,11 Ballygunge Kolkata West Bengal
521,Nandan Menon,nandan.menon@gmail.com,9499010182,13 Anupuram Chennai Tamil Nadu
522,Mukhil Charles T,mukhil.charles@email.com,9003181969,Anna Nagar Chennai Tamil Nadu
523,Jeevithesh,jeevithesh.r@email.com,9108625295,Church St. Bangalore Karnataka

